{"initial_reset_timestamp": 1682102193.2884865, "timestamps": [1682102194.9759202, 1682102196.568156, 1682102197.3964257, 1682102198.291196, 1682102200.294921, 1682102202.7757342, 1682102204.0988977, 1682102206.0389163, 1682102208.5310643, 1682102211.033932, 1682102213.6624382, 1682102215.204232, 1682102217.2336462, 1682102219.6436982, 1682102222.1292894, 1682102223.4000132, 1682102225.3674183, 1682102227.7891939, 1682102230.234459, 1682102232.682962, 1682102235.143467, 1682102237.6052835, 1682102240.1263523, 1682102242.5989513, 1682102245.1242685, 1682102247.5519786, 1682102250.0431418, 1682102252.5616434, 1682102255.0171206, 1682102257.4809725, 1682102259.0401175, 1682102260.7889957, 1682102263.2678213, 1682102265.7096865, 1682102268.2569509, 1682102270.9174347, 1682102273.3703852, 1682102275.871666], "episode_lengths": [1, 1, 1, 1, 1, 1, 1, 1, 1, 1, 1, 1, 1, 1, 1, 1, 1, 1, 1, 1, 1, 1, 1, 1, 1, 1, 1, 1, 1, 1, 1, 1, 1, 1, 1, 1, 1, 1], "episode_rewards": [-200.0, -200.0, -200.0, -200.0, -200.0, -200.0, -200.0, -200.0, -200.0, -200.0, -200.0, -200.0, -200.0, -200.0, -200.0, -200.0, -200.0, -200.0, -200.0, -200.0, -200.0, -200.0, -200.0, -200.0, -200.0, -200.0, -200.0, -200.0, -200.0, -200.0, -200.0, -200.0, -200.0, -200.0, -200.0, -200.0, -200.0, -200.0], "episode_types": ["t", "t", "t", "t", "t", "t", "t", "t", "t", "t", "t", "t", "t", "t", "t", "t", "t", "t", "t", "t", "t", "t", "t", "t", "t", "t", "t", "t", "t", "t", "t", "t", "t", "t", "t", "t", "t", "t", "t"]}