{"initial_reset_timestamp": 1682017328.4164946, "timestamps": [1682017330.2273843], "episode_lengths": [1], "episode_rewards": [-200.0], "episode_types": ["t", "t"]}